review_set,reviewer,plan_author,plan_id,plan_slug,filename,relative_path,rating,max_rating
claude-code-review-of-claude-code-plans,claude-code,claude-code,001,contracts-src-api,001-contracts-src-api.md,claude-code-review-of-claude-code-plans/001-contracts-src-api.md,8,10
claude-code-review-of-claude-code-plans,claude-code,claude-code,002,contracts-src-runtime,002-contracts-src-runtime.md,claude-code-review-of-claude-code-plans/002-contracts-src-runtime.md,9,10
claude-code-review-of-claude-code-plans,claude-code,claude-code,003,contracts-src-security,003-contracts-src-security.md,claude-code-review-of-claude-code-plans/003-contracts-src-security.md,8,10
claude-code-review-of-claude-code-plans,claude-code,claude-code,004,contracts-runtime-services-src,004-contracts-runtime-services-src.md,claude-code-review-of-claude-code-plans/004-contracts-runtime-services-src.md,8,10
claude-code-review-of-claude-code-plans,claude-code,claude-code,005,types-api-src,005-types-api-src.md,claude-code-review-of-claude-code-plans/005-types-api-src.md,8,10
claude-code-review-of-claude-code-plans,claude-code,claude-code,006,types-app-platform-src,006-types-app-platform-src.md,claude-code-review-of-claude-code-plans/006-types-app-platform-src.md,9,10
claude-code-review-of-claude-code-plans,claude-code,claude-code,007,types-bridges-src,007-types-bridges-src.md,claude-code-review-of-claude-code-plans/007-types-bridges-src.md,8,10
claude-code-review-of-claude-code-plans,claude-code,claude-code,008,types-data-src,008-types-data-src.md,claude-code-review-of-claude-code-plans/008-types-data-src.md,8,10
claude-code-review-of-claude-code-plans,claude-code,claude-code,009,kernel-src-api,009-kernel-src-api.md,claude-code-review-of-claude-code-plans/009-kernel-src-api.md,8,10
claude-code-review-of-claude-code-plans,claude-code,claude-code,010,kernel-src-document,010-kernel-src-document.md,claude-code-review-of-claude-code-plans/010-kernel-src-document.md,9,10
claude-code-review-of-claude-code-plans,claude-code,claude-code,011,kernel-src-document-collab,011-kernel-src-document-collab.md,claude-code-review-of-claude-code-plans/011-kernel-src-document-collab.md,8,10
claude-code-review-of-claude-code-plans,claude-code,claude-code,012,kernel-src-bridges-compute,012-kernel-src-bridges-compute.md,claude-code-review-of-claude-code-plans/012-kernel-src-bridges-compute.md,8,10
claude-code-review-of-claude-code-plans,claude-code,claude-code,013,kernel-src-domain-cells,013-kernel-src-domain-cells.md,claude-code-review-of-claude-code-plans/013-kernel-src-domain-cells.md,9,10
claude-code-review-of-claude-code-plans,claude-code,claude-code,014,kernel-src-domain-formulas,014-kernel-src-domain-formulas.md,claude-code-review-of-claude-code-plans/014-kernel-src-domain-formulas.md,8,10
claude-code-review-of-claude-code-plans,claude-code,claude-code,015,kernel-src-domain-charts,015-kernel-src-domain-charts.md,claude-code-review-of-claude-code-plans/015-kernel-src-domain-charts.md,8,10
claude-code-review-of-claude-code-plans,claude-code,claude-code,016,kernel-src-domain-formatting,016-kernel-src-domain-formatting.md,claude-code-review-of-claude-code-plans/016-kernel-src-domain-formatting.md,8,10
claude-code-review-of-claude-code-plans,claude-code,claude-code,017,kernel-src-domain-pivots,017-kernel-src-domain-pivots.md,claude-code-review-of-claude-code-plans/017-kernel-src-domain-pivots.md,8,10
claude-code-review-of-claude-code-plans,claude-code,claude-code,018,kernel-src-domain-tables,018-kernel-src-domain-tables.md,claude-code-review-of-claude-code-plans/018-kernel-src-domain-tables.md,9,10
claude-code-review-of-claude-code-plans,claude-code,claude-code,019,kernel-src-floating-objects,019-kernel-src-floating-objects.md,claude-code-review-of-claude-code-plans/019-kernel-src-floating-objects.md,8,10
claude-code-review-of-claude-code-plans,claude-code,claude-code,020,kernel-src-services-undo,020-kernel-src-services-undo.md,claude-code-review-of-claude-code-plans/020-kernel-src-services-undo.md,8,10
claude-code-review-of-claude-code-plans,claude-code,claude-code,021,kernel-src-services-clipboard,021-kernel-src-services-clipboard.md,claude-code-review-of-claude-code-plans/021-kernel-src-services-clipboard.md,8,10
claude-code-review-of-claude-code-plans,claude-code,claude-code,022,kernel-src-security,022-kernel-src-security.md,claude-code-review-of-claude-code-plans/022-kernel-src-security.md,8,10
claude-code-review-of-claude-code-plans,claude-code,claude-code,023,compute-api-src,023-compute-api-src.md,claude-code-review-of-claude-code-plans/023-compute-api-src.md,8,10
claude-code-review-of-claude-code-plans,claude-code,claude-code,024,compute-core-src-eval,024-compute-core-src-eval.md,claude-code-review-of-claude-code-plans/024-compute-core-src-eval.md,8,10
claude-code-review-of-claude-code-plans,claude-code,claude-code,025,compute-core-src-scheduler,025-compute-core-src-scheduler.md,claude-code-review-of-claude-code-plans/025-compute-core-src-scheduler.md,9,10
claude-code-review-of-claude-code-plans,claude-code,claude-code,026,compute-core-src-storage,026-compute-core-src-storage.md,claude-code-review-of-claude-code-plans/026-compute-core-src-storage.md,8,10
claude-code-review-of-claude-code-plans,claude-code,claude-code,027,compute-core-src-import,027-compute-core-src-import.md,claude-code-review-of-claude-code-plans/027-compute-core-src-import.md,9,10
claude-code-review-of-claude-code-plans,claude-code,claude-code,028,compute-core-src-identity,028-compute-core-src-identity.md,claude-code-review-of-claude-code-plans/028-compute-core-src-identity.md,8,10
claude-code-review-of-claude-code-plans,claude-code,claude-code,029,compute-core-crates-compute-functions-src,029-compute-core-crates-compute-functions-src.md,claude-code-review-of-claude-code-plans/029-compute-core-crates-compute-functions-src.md,8,10
claude-code-review-of-claude-code-plans,claude-code,claude-code,030,compute-core-crates-compute-parser-src,030-compute-core-crates-compute-parser-src.md,claude-code-review-of-claude-code-plans/030-compute-core-crates-compute-parser-src.md,8,10
claude-code-review-of-claude-code-plans,claude-code,claude-code,031,compute-core-crates-compute-graph-src,031-compute-core-crates-compute-graph-src.md,claude-code-review-of-claude-code-plans/031-compute-core-crates-compute-graph-src.md,9,10
claude-code-review-of-claude-code-plans,claude-code,claude-code,032,compute-core-crates-compute-table-src,032-compute-core-crates-compute-table-src.md,claude-code-review-of-claude-code-plans/032-compute-core-crates-compute-table-src.md,8,10
claude-code-review-of-claude-code-plans,claude-code,claude-code,033,compute-core-crates-compute-pivot-src,033-compute-core-crates-compute-pivot-src.md,claude-code-review-of-claude-code-plans/033-compute-core-crates-compute-pivot-src.md,9,10
claude-code-review-of-claude-code-plans,claude-code,claude-code,034,compute-core-crates-compute-fill-src,034-compute-core-crates-compute-fill-src.md,claude-code-review-of-claude-code-plans/034-compute-core-crates-compute-fill-src.md,9,10
claude-code-review-of-claude-code-plans,claude-code,claude-code,035,compute-core-crates-compute-formats-src,035-compute-core-crates-compute-formats-src.md,claude-code-review-of-claude-code-plans/035-compute-core-crates-compute-formats-src.md,9,10
claude-code-review-of-claude-code-plans,claude-code,claude-code,036,compute-core-crates-compute-cf-src,036-compute-core-crates-compute-cf-src.md,claude-code-review-of-claude-code-plans/036-compute-core-crates-compute-cf-src.md,8,10
claude-code-review-of-claude-code-plans,claude-code,claude-code,037,compute-core-crates-compute-wire-src,037-compute-core-crates-compute-wire-src.md,claude-code-review-of-claude-code-plans/037-compute-core-crates-compute-wire-src.md,8,10
claude-code-review-of-claude-code-plans,claude-code,claude-code,038,compute-core-crates-compute-security-src,038-compute-core-crates-compute-security-src.md,claude-code-review-of-claude-code-plans/038-compute-core-crates-compute-security-src.md,8,10
claude-code-review-of-claude-code-plans,claude-code,claude-code,039,compute-wasm-src,039-compute-wasm-src.md,claude-code-review-of-claude-code-plans/039-compute-wasm-src.md,9,10
claude-code-review-of-claude-code-plans,claude-code,claude-code,040,compute-napi-src,040-compute-napi-src.md,claude-code-review-of-claude-code-plans/040-compute-napi-src.md,9,10
claude-code-review-of-claude-code-plans,claude-code,claude-code,041,canvas-grid-renderer-src,041-canvas-grid-renderer-src.md,claude-code-review-of-claude-code-plans/041-canvas-grid-renderer-src.md,8,10
claude-code-review-of-claude-code-plans,claude-code,claude-code,042,canvas-grid-canvas-src,042-canvas-grid-canvas-src.md,claude-code-review-of-claude-code-plans/042-canvas-grid-canvas-src.md,9,10
claude-code-review-of-claude-code-plans,claude-code,claude-code,043,canvas-engine-src,043-canvas-engine-src.md,claude-code-review-of-claude-code-plans/043-canvas-engine-src.md,8,10
claude-code-review-of-claude-code-plans,claude-code,claude-code,044,canvas-overlay-src,044-canvas-overlay-src.md,claude-code-review-of-claude-code-plans/044-canvas-overlay-src.md,9,10
claude-code-review-of-claude-code-plans,claude-code,claude-code,045,canvas-spatial-src,045-canvas-spatial-src.md,claude-code-review-of-claude-code-plans/045-canvas-spatial-src.md,9,10
claude-code-review-of-claude-code-plans,claude-code,claude-code,046,canvas-drawing-canvas-src,046-canvas-drawing-canvas-src.md,claude-code-review-of-claude-code-plans/046-canvas-drawing-canvas-src.md,9,10
claude-code-review-of-claude-code-plans,claude-code,claude-code,047,canvas-drawing-engine-src,047-canvas-drawing-engine-src.md,claude-code-review-of-claude-code-plans/047-canvas-drawing-engine-src.md,9,10
claude-code-review-of-claude-code-plans,claude-code,claude-code,048,canvas-drawing-shapes-src,048-canvas-drawing-shapes-src.md,claude-code-review-of-claude-code-plans/048-canvas-drawing-shapes-src.md,8,10
claude-code-review-of-claude-code-plans,claude-code,claude-code,049,canvas-drawing-geometry-src,049-canvas-drawing-geometry-src.md,claude-code-review-of-claude-code-plans/049-canvas-drawing-geometry-src.md,9,10
claude-code-review-of-claude-code-plans,claude-code,claude-code,050,charts-src-core,050-charts-src-core.md,claude-code-review-of-claude-code-plans/050-charts-src-core.md,8,10
claude-code-review-of-claude-code-plans,claude-code,claude-code,051,charts-src-grammar,051-charts-src-grammar.md,claude-code-review-of-claude-code-plans/051-charts-src-grammar.md,8,10
claude-code-review-of-claude-code-plans,claude-code,claude-code,052,charts-src-primitives,052-charts-src-primitives.md,claude-code-review-of-claude-code-plans/052-charts-src-primitives.md,9,10
claude-code-review-of-claude-code-plans,claude-code,claude-code,053,charts-src-export-ooxml,053-charts-src-export-ooxml.md,claude-code-review-of-claude-code-plans/053-charts-src-export-ooxml.md,8,10
claude-code-review-of-claude-code-plans,claude-code,claude-code,054,file-io-xlsx-parser-src,054-file-io-xlsx-parser-src.md,claude-code-review-of-claude-code-plans/054-file-io-xlsx-parser-src.md,9,10
claude-code-review-of-claude-code-plans,claude-code,claude-code,055,file-io-xlsx-bridge-src,055-file-io-xlsx-bridge-src.md,claude-code-review-of-claude-code-plans/055-file-io-xlsx-bridge-src.md,8,10
claude-code-review-of-claude-code-plans,claude-code,claude-code,056,file-io-ooxml-types-src,056-file-io-ooxml-types-src.md,claude-code-review-of-claude-code-plans/056-file-io-ooxml-types-src.md,9,10
claude-code-review-of-claude-code-plans,claude-code,claude-code,057,file-io-print-export-src,057-file-io-print-export-src.md,claude-code-review-of-claude-code-plans/057-file-io-print-export-src.md,9,10
claude-code-review-of-claude-code-plans,claude-code,claude-code,058,runtime-embed-src,058-runtime-embed-src.md,claude-code-review-of-claude-code-plans/058-runtime-embed-src.md,9,10
claude-code-review-of-claude-code-plans,claude-code,claude-code,059,runtime-sdk-src,059-runtime-sdk-src.md,claude-code-review-of-claude-code-plans/059-runtime-sdk-src.md,8,10
claude-code-review-of-claude-code-plans,claude-code,claude-code,060,runtime-spreadsheet-app-src,060-runtime-spreadsheet-app-src.md,claude-code-review-of-claude-code-plans/060-runtime-spreadsheet-app-src.md,8,10
claude-code-review-of-claude-code-plans,claude-code,claude-code,061,apps-spreadsheet-src-actions-handlers,061-apps-spreadsheet-src-actions-handlers.md,claude-code-review-of-claude-code-plans/061-apps-spreadsheet-src-actions-handlers.md,8,10
claude-code-review-of-claude-code-plans,claude-code,claude-code,062,apps-spreadsheet-src-coordinator,062-apps-spreadsheet-src-coordinator.md,claude-code-review-of-claude-code-plans/062-apps-spreadsheet-src-coordinator.md,8,10
claude-code-review-of-claude-code-plans,claude-code,claude-code,063,apps-spreadsheet-src-systems-grid-editing,063-apps-spreadsheet-src-systems-grid-editing.md,claude-code-review-of-claude-code-plans/063-apps-spreadsheet-src-systems-grid-editing.md,9,10
claude-code-review-of-claude-code-plans,claude-code,claude-code,064,apps-spreadsheet-src-components-grid,064-apps-spreadsheet-src-components-grid.md,claude-code-review-of-claude-code-plans/064-apps-spreadsheet-src-components-grid.md,8,10
claude-code-review-of-claude-code-plans,claude-code,claude-code,065,apps-spreadsheet-src-chrome-formula-bar,065-apps-spreadsheet-src-chrome-formula-bar.md,claude-code-review-of-claude-code-plans/065-apps-spreadsheet-src-chrome-formula-bar.md,9,10
claude-code-review-of-claude-code-plans,claude-code,claude-code,066,shell-src-platform,066-shell-src-platform.md,claude-code-review-of-claude-code-plans/066-shell-src-platform.md,9,10
claude-code-review-of-claude-code-plans,claude-code,claude-code,067,shell-src-services,067-shell-src-services.md,claude-code-review-of-claude-code-plans/067-shell-src-services.md,9,10
claude-code-review-of-claude-code-plans,claude-code,claude-code,068,views-sheet-view-src,068-views-sheet-view-src.md,claude-code-review-of-claude-code-plans/068-views-sheet-view-src.md,8,10
claude-code-review-of-claude-code-plans,claude-code,claude-code,069,infra-rust-bridge-bridge-ir-src,069-infra-rust-bridge-bridge-ir-src.md,claude-code-review-of-claude-code-plans/069-infra-rust-bridge-bridge-ir-src.md,8,10
claude-code-review-of-claude-code-plans,claude-code,claude-code,070,infra-transport-src,070-infra-transport-src.md,claude-code-review-of-claude-code-plans/070-infra-transport-src.md,9,10
claude-code-review-of-claude-code-plans,claude-code,claude-code,071,contracts-src-core,071-contracts-src-core.md,claude-code-review-of-claude-code-plans/071-contracts-src-core.md,8,10
claude-code-review-of-claude-code-plans,claude-code,claude-code,072,contracts-src-bridges,072-contracts-src-bridges.md,claude-code-review-of-claude-code-plans/072-contracts-src-bridges.md,8,10
claude-code-review-of-claude-code-plans,claude-code,claude-code,073,contracts-src-rendering,073-contracts-src-rendering.md,claude-code-review-of-claude-code-plans/073-contracts-src-rendering.md,8,10
claude-code-review-of-claude-code-plans,claude-code,claude-code,074,types-core-src,074-types-core-src.md,claude-code-review-of-claude-code-plans/074-types-core-src.md,8,10
claude-code-review-of-claude-code-plans,claude-code,claude-code,075,types-document-src,075-types-document-src.md,claude-code-review-of-claude-code-plans/075-types-document-src.md,9,10
claude-code-review-of-claude-code-plans,claude-code,claude-code,076,types-host-src,076-types-host-src.md,claude-code-review-of-claude-code-plans/076-types-host-src.md,9,10
claude-code-review-of-claude-code-plans,claude-code,claude-code,077,types-objects-src,077-types-objects-src.md,claude-code-review-of-claude-code-plans/077-types-objects-src.md,9,10
claude-code-review-of-claude-code-plans,claude-code,claude-code,078,domain-types-src-domain-workbook,078-domain-types-src-domain-workbook.md,claude-code-review-of-claude-code-plans/078-domain-types-src-domain-workbook.md,9,10
claude-code-review-of-claude-code-plans,claude-code,claude-code,079,domain-types-src-domain-drawings,079-domain-types-src-domain-drawings.md,claude-code-review-of-claude-code-plans/079-domain-types-src-domain-drawings.md,8,10
claude-code-review-of-claude-code-plans,claude-code,claude-code,080,kernel-src-bridges-wire,080-kernel-src-bridges-wire.md,claude-code-review-of-claude-code-plans/080-kernel-src-bridges-wire.md,8,10
claude-code-review-of-claude-code-plans,claude-code,claude-code,081,kernel-src-domain-sheets,081-kernel-src-domain-sheets.md,claude-code-review-of-claude-code-plans/081-kernel-src-domain-sheets.md,9,10
claude-code-review-of-claude-code-plans,claude-code,claude-code,082,kernel-src-domain-drawing,082-kernel-src-domain-drawing.md,claude-code-review-of-claude-code-plans/082-kernel-src-domain-drawing.md,8,10
claude-code-review-of-claude-code-plans,claude-code,claude-code,083,kernel-src-services-protection,083-kernel-src-services-protection.md,claude-code-review-of-claude-code-plans/083-kernel-src-services-protection.md,9,10
claude-code-review-of-claude-code-plans,claude-code,claude-code,084,kernel-src-services-query-executor,084-kernel-src-services-query-executor.md,claude-code-review-of-claude-code-plans/084-kernel-src-services-query-executor.md,7,10
claude-code-review-of-claude-code-plans,claude-code,claude-code,085,compute-core-src-solver,085-compute-core-src-solver.md,claude-code-review-of-claude-code-plans/085-compute-core-src-solver.md,8,10
claude-code-review-of-claude-code-plans,claude-code,claude-code,086,compute-core-src-what-if,086-compute-core-src-what-if.md,claude-code-review-of-claude-code-plans/086-compute-core-src-what-if.md,8,10
claude-code-review-of-claude-code-plans,claude-code,claude-code,087,compute-core-crates-compute-charts-src,087-compute-core-crates-compute-charts-src.md,claude-code-review-of-claude-code-plans/087-compute-core-crates-compute-charts-src.md,8,10
claude-code-review-of-claude-code-plans,claude-code,claude-code,088,compute-core-crates-compute-chart-render-src,088-compute-core-crates-compute-chart-render-src.md,claude-code-review-of-claude-code-plans/088-compute-core-crates-compute-chart-render-src.md,9,10
claude-code-review-of-claude-code-plans,claude-code,claude-code,089,compute-pyo3-src,089-compute-pyo3-src.md,claude-code-review-of-claude-code-plans/089-compute-pyo3-src.md,8,10
claude-code-review-of-claude-code-plans,claude-code,claude-code,090,apps-spreadsheet-src-app,090-apps-spreadsheet-src-app.md,claude-code-review-of-claude-code-plans/090-apps-spreadsheet-src-app.md,8,10
claude-code-review-of-claude-code-plans,claude-code,claude-code,091,apps-spreadsheet-src-actions-commands,091-apps-spreadsheet-src-actions-commands.md,claude-code-review-of-claude-code-plans/091-apps-spreadsheet-src-actions-commands.md,8,10
claude-code-review-of-claude-code-plans,claude-code,claude-code,092,apps-spreadsheet-src-domain-clipboard,092-apps-spreadsheet-src-domain-clipboard.md,claude-code-review-of-claude-code-plans/092-apps-spreadsheet-src-domain-clipboard.md,8,10
claude-code-review-of-claude-code-plans,claude-code,claude-code,093,apps-spreadsheet-src-domain-editor,093-apps-spreadsheet-src-domain-editor.md,claude-code-review-of-claude-code-plans/093-apps-spreadsheet-src-domain-editor.md,9,10
claude-code-review-of-claude-code-plans,claude-code,claude-code,094,apps-spreadsheet-src-hooks-grid-mouse,094-apps-spreadsheet-src-hooks-grid-mouse.md,claude-code-review-of-claude-code-plans/094-apps-spreadsheet-src-hooks-grid-mouse.md,9,10
claude-code-review-of-claude-code-plans,claude-code,claude-code,095,apps-spreadsheet-src-components-canvas-overlays,095-apps-spreadsheet-src-components-canvas-overlays.md,claude-code-review-of-claude-code-plans/095-apps-spreadsheet-src-components-canvas-overlays.md,8,10
claude-code-review-of-claude-code-plans,claude-code,claude-code,096,apps-spreadsheet-src-chrome-toolbar,096-apps-spreadsheet-src-chrome-toolbar.md,claude-code-review-of-claude-code-plans/096-apps-spreadsheet-src-chrome-toolbar.md,9,10
claude-code-review-of-claude-code-plans,claude-code,claude-code,097,apps-spreadsheet-src-systems-input,097-apps-spreadsheet-src-systems-input.md,claude-code-review-of-claude-code-plans/097-apps-spreadsheet-src-systems-input.md,9,10
claude-code-review-of-claude-code-plans,claude-code,claude-code,098,apps-spreadsheet-src-systems-renderer,098-apps-spreadsheet-src-systems-renderer.md,claude-code-review-of-claude-code-plans/098-apps-spreadsheet-src-systems-renderer.md,9,10
claude-code-review-of-claude-code-plans,claude-code,claude-code,099,shell-src-host,099-shell-src-host.md,claude-code-review-of-claude-code-plans/099-shell-src-host.md,9,10
claude-code-review-of-claude-code-plans,claude-code,claude-code,100,fixtures-external,100-fixtures-external.md,claude-code-review-of-claude-code-plans/100-fixtures-external.md,9,10
claude-code-review-of-codex-plans,claude-code,codex,001,contracts-src-api,001-contracts-src-api.md,claude-code-review-of-codex-plans/001-contracts-src-api.md,8,10
claude-code-review-of-codex-plans,claude-code,codex,002,contracts-src-runtime,002-contracts-src-runtime.md,claude-code-review-of-codex-plans/002-contracts-src-runtime.md,7,10
claude-code-review-of-codex-plans,claude-code,codex,003,contracts-src-security,003-contracts-src-security.md,claude-code-review-of-codex-plans/003-contracts-src-security.md,8,10
claude-code-review-of-codex-plans,claude-code,codex,004,contracts-runtime-services-src,004-contracts-runtime-services-src.md,claude-code-review-of-codex-plans/004-contracts-runtime-services-src.md,8,10
claude-code-review-of-codex-plans,claude-code,codex,005,types-api-src,005-types-api-src.md,claude-code-review-of-codex-plans/005-types-api-src.md,8,10
claude-code-review-of-codex-plans,claude-code,codex,006,types-app-platform-src,006-types-app-platform-src.md,claude-code-review-of-codex-plans/006-types-app-platform-src.md,8,10
claude-code-review-of-codex-plans,claude-code,codex,007,types-bridges-src,007-types-bridges-src.md,claude-code-review-of-codex-plans/007-types-bridges-src.md,8,10
claude-code-review-of-codex-plans,claude-code,codex,008,types-data-src,008-types-data-src.md,claude-code-review-of-codex-plans/008-types-data-src.md,8,10
claude-code-review-of-codex-plans,claude-code,codex,009,kernel-src-api,009-kernel-src-api.md,claude-code-review-of-codex-plans/009-kernel-src-api.md,8,10
claude-code-review-of-codex-plans,claude-code,codex,010,kernel-src-document,010-kernel-src-document.md,claude-code-review-of-codex-plans/010-kernel-src-document.md,8,10
claude-code-review-of-codex-plans,claude-code,codex,011,kernel-src-document-collab,011-kernel-src-document-collab.md,claude-code-review-of-codex-plans/011-kernel-src-document-collab.md,8,10
claude-code-review-of-codex-plans,claude-code,codex,012,kernel-src-bridges-compute,012-kernel-src-bridges-compute.md,claude-code-review-of-codex-plans/012-kernel-src-bridges-compute.md,8,10
claude-code-review-of-codex-plans,claude-code,codex,013,kernel-src-domain-cells,013-kernel-src-domain-cells.md,claude-code-review-of-codex-plans/013-kernel-src-domain-cells.md,8,10
claude-code-review-of-codex-plans,claude-code,codex,014,kernel-src-domain-formulas,014-kernel-src-domain-formulas.md,claude-code-review-of-codex-plans/014-kernel-src-domain-formulas.md,8,10
claude-code-review-of-codex-plans,claude-code,codex,015,kernel-src-domain-charts,015-kernel-src-domain-charts.md,claude-code-review-of-codex-plans/015-kernel-src-domain-charts.md,8,10
claude-code-review-of-codex-plans,claude-code,codex,016,kernel-src-domain-formatting,016-kernel-src-domain-formatting.md,claude-code-review-of-codex-plans/016-kernel-src-domain-formatting.md,8,10
claude-code-review-of-codex-plans,claude-code,codex,017,kernel-src-domain-pivots,017-kernel-src-domain-pivots.md,claude-code-review-of-codex-plans/017-kernel-src-domain-pivots.md,7,10
claude-code-review-of-codex-plans,claude-code,codex,018,kernel-src-domain-tables,018-kernel-src-domain-tables.md,claude-code-review-of-codex-plans/018-kernel-src-domain-tables.md,8,10
claude-code-review-of-codex-plans,claude-code,codex,019,kernel-src-floating-objects,019-kernel-src-floating-objects.md,claude-code-review-of-codex-plans/019-kernel-src-floating-objects.md,8,10
claude-code-review-of-codex-plans,claude-code,codex,020,kernel-src-services-undo,020-kernel-src-services-undo.md,claude-code-review-of-codex-plans/020-kernel-src-services-undo.md,8,10
claude-code-review-of-codex-plans,claude-code,codex,021,kernel-src-services-clipboard,021-kernel-src-services-clipboard.md,claude-code-review-of-codex-plans/021-kernel-src-services-clipboard.md,8,10
claude-code-review-of-codex-plans,claude-code,codex,022,kernel-src-security,022-kernel-src-security.md,claude-code-review-of-codex-plans/022-kernel-src-security.md,8,10
claude-code-review-of-codex-plans,claude-code,codex,023,compute-api-src,023-compute-api-src.md,claude-code-review-of-codex-plans/023-compute-api-src.md,8,10
claude-code-review-of-codex-plans,claude-code,codex,024,compute-core-src-eval,024-compute-core-src-eval.md,claude-code-review-of-codex-plans/024-compute-core-src-eval.md,8,10
claude-code-review-of-codex-plans,claude-code,codex,025,compute-core-src-scheduler,025-compute-core-src-scheduler.md,claude-code-review-of-codex-plans/025-compute-core-src-scheduler.md,8,10
claude-code-review-of-codex-plans,claude-code,codex,026,compute-core-src-storage,026-compute-core-src-storage.md,claude-code-review-of-codex-plans/026-compute-core-src-storage.md,8,10
claude-code-review-of-codex-plans,claude-code,codex,027,compute-core-src-import,027-compute-core-src-import.md,claude-code-review-of-codex-plans/027-compute-core-src-import.md,8,10
claude-code-review-of-codex-plans,claude-code,codex,028,compute-core-src-identity,028-compute-core-src-identity.md,claude-code-review-of-codex-plans/028-compute-core-src-identity.md,8,10
claude-code-review-of-codex-plans,claude-code,codex,029,compute-core-crates-compute-functions-src,029-compute-core-crates-compute-functions-src.md,claude-code-review-of-codex-plans/029-compute-core-crates-compute-functions-src.md,8,10
claude-code-review-of-codex-plans,claude-code,codex,030,compute-core-crates-compute-parser-src,030-compute-core-crates-compute-parser-src.md,claude-code-review-of-codex-plans/030-compute-core-crates-compute-parser-src.md,8,10
claude-code-review-of-codex-plans,claude-code,codex,031,compute-core-crates-compute-graph-src,031-compute-core-crates-compute-graph-src.md,claude-code-review-of-codex-plans/031-compute-core-crates-compute-graph-src.md,8,10
claude-code-review-of-codex-plans,claude-code,codex,032,compute-core-crates-compute-table-src,032-compute-core-crates-compute-table-src.md,claude-code-review-of-codex-plans/032-compute-core-crates-compute-table-src.md,8,10
claude-code-review-of-codex-plans,claude-code,codex,033,compute-core-crates-compute-pivot-src,033-compute-core-crates-compute-pivot-src.md,claude-code-review-of-codex-plans/033-compute-core-crates-compute-pivot-src.md,8,10
claude-code-review-of-codex-plans,claude-code,codex,034,compute-core-crates-compute-fill-src,034-compute-core-crates-compute-fill-src.md,claude-code-review-of-codex-plans/034-compute-core-crates-compute-fill-src.md,8,10
claude-code-review-of-codex-plans,claude-code,codex,035,compute-core-crates-compute-formats-src,035-compute-core-crates-compute-formats-src.md,claude-code-review-of-codex-plans/035-compute-core-crates-compute-formats-src.md,8,10
claude-code-review-of-codex-plans,claude-code,codex,036,compute-core-crates-compute-cf-src,036-compute-core-crates-compute-cf-src.md,claude-code-review-of-codex-plans/036-compute-core-crates-compute-cf-src.md,7,10
claude-code-review-of-codex-plans,claude-code,codex,037,compute-core-crates-compute-wire-src,037-compute-core-crates-compute-wire-src.md,claude-code-review-of-codex-plans/037-compute-core-crates-compute-wire-src.md,8,10
claude-code-review-of-codex-plans,claude-code,codex,038,compute-core-crates-compute-security-src,038-compute-core-crates-compute-security-src.md,claude-code-review-of-codex-plans/038-compute-core-crates-compute-security-src.md,8,10
claude-code-review-of-codex-plans,claude-code,codex,039,compute-wasm-src,039-compute-wasm-src.md,claude-code-review-of-codex-plans/039-compute-wasm-src.md,8,10
claude-code-review-of-codex-plans,claude-code,codex,040,compute-napi-src,040-compute-napi-src.md,claude-code-review-of-codex-plans/040-compute-napi-src.md,8,10
claude-code-review-of-codex-plans,claude-code,codex,041,canvas-grid-renderer-src,041-canvas-grid-renderer-src.md,claude-code-review-of-codex-plans/041-canvas-grid-renderer-src.md,8,10
claude-code-review-of-codex-plans,claude-code,codex,042,canvas-grid-canvas-src,042-canvas-grid-canvas-src.md,claude-code-review-of-codex-plans/042-canvas-grid-canvas-src.md,8,10
claude-code-review-of-codex-plans,claude-code,codex,043,canvas-engine-src,043-canvas-engine-src.md,claude-code-review-of-codex-plans/043-canvas-engine-src.md,8,10
claude-code-review-of-codex-plans,claude-code,codex,044,canvas-overlay-src,044-canvas-overlay-src.md,claude-code-review-of-codex-plans/044-canvas-overlay-src.md,8,10
claude-code-review-of-codex-plans,claude-code,codex,045,canvas-spatial-src,045-canvas-spatial-src.md,claude-code-review-of-codex-plans/045-canvas-spatial-src.md,8,10
claude-code-review-of-codex-plans,claude-code,codex,046,canvas-drawing-canvas-src,046-canvas-drawing-canvas-src.md,claude-code-review-of-codex-plans/046-canvas-drawing-canvas-src.md,8,10
claude-code-review-of-codex-plans,claude-code,codex,047,canvas-drawing-engine-src,047-canvas-drawing-engine-src.md,claude-code-review-of-codex-plans/047-canvas-drawing-engine-src.md,8,10
claude-code-review-of-codex-plans,claude-code,codex,048,canvas-drawing-shapes-src,048-canvas-drawing-shapes-src.md,claude-code-review-of-codex-plans/048-canvas-drawing-shapes-src.md,8,10
claude-code-review-of-codex-plans,claude-code,codex,049,canvas-drawing-geometry-src,049-canvas-drawing-geometry-src.md,claude-code-review-of-codex-plans/049-canvas-drawing-geometry-src.md,8,10
claude-code-review-of-codex-plans,claude-code,codex,050,charts-src-core,050-charts-src-core.md,claude-code-review-of-codex-plans/050-charts-src-core.md,8,10
claude-code-review-of-codex-plans,claude-code,codex,051,charts-src-grammar,051-charts-src-grammar.md,claude-code-review-of-codex-plans/051-charts-src-grammar.md,8,10
claude-code-review-of-codex-plans,claude-code,codex,052,charts-src-primitives,052-charts-src-primitives.md,claude-code-review-of-codex-plans/052-charts-src-primitives.md,8,10
claude-code-review-of-codex-plans,claude-code,codex,053,charts-src-export-ooxml,053-charts-src-export-ooxml.md,claude-code-review-of-codex-plans/053-charts-src-export-ooxml.md,8,10
claude-code-review-of-codex-plans,claude-code,codex,054,file-io-xlsx-parser-src,054-file-io-xlsx-parser-src.md,claude-code-review-of-codex-plans/054-file-io-xlsx-parser-src.md,8,10
claude-code-review-of-codex-plans,claude-code,codex,055,file-io-xlsx-bridge-src,055-file-io-xlsx-bridge-src.md,claude-code-review-of-codex-plans/055-file-io-xlsx-bridge-src.md,8,10
claude-code-review-of-codex-plans,claude-code,codex,056,file-io-ooxml-types-src,056-file-io-ooxml-types-src.md,claude-code-review-of-codex-plans/056-file-io-ooxml-types-src.md,7,10
claude-code-review-of-codex-plans,claude-code,codex,057,file-io-print-export-src,057-file-io-print-export-src.md,claude-code-review-of-codex-plans/057-file-io-print-export-src.md,8,10
claude-code-review-of-codex-plans,claude-code,codex,058,runtime-embed-src,058-runtime-embed-src.md,claude-code-review-of-codex-plans/058-runtime-embed-src.md,8,10
claude-code-review-of-codex-plans,claude-code,codex,059,runtime-sdk-src,059-runtime-sdk-src.md,claude-code-review-of-codex-plans/059-runtime-sdk-src.md,8,10
claude-code-review-of-codex-plans,claude-code,codex,060,runtime-spreadsheet-app-src,060-runtime-spreadsheet-app-src.md,claude-code-review-of-codex-plans/060-runtime-spreadsheet-app-src.md,8,10
claude-code-review-of-codex-plans,claude-code,codex,061,apps-spreadsheet-src-actions-handlers,061-apps-spreadsheet-src-actions-handlers.md,claude-code-review-of-codex-plans/061-apps-spreadsheet-src-actions-handlers.md,8,10
claude-code-review-of-codex-plans,claude-code,codex,062,apps-spreadsheet-src-coordinator,062-apps-spreadsheet-src-coordinator.md,claude-code-review-of-codex-plans/062-apps-spreadsheet-src-coordinator.md,8,10
claude-code-review-of-codex-plans,claude-code,codex,063,apps-spreadsheet-src-systems-grid-editing,063-apps-spreadsheet-src-systems-grid-editing.md,claude-code-review-of-codex-plans/063-apps-spreadsheet-src-systems-grid-editing.md,8,10
claude-code-review-of-codex-plans,claude-code,codex,064,apps-spreadsheet-src-components-grid,064-apps-spreadsheet-src-components-grid.md,claude-code-review-of-codex-plans/064-apps-spreadsheet-src-components-grid.md,8,10
claude-code-review-of-codex-plans,claude-code,codex,065,apps-spreadsheet-src-chrome-formula-bar,065-apps-spreadsheet-src-chrome-formula-bar.md,claude-code-review-of-codex-plans/065-apps-spreadsheet-src-chrome-formula-bar.md,8,10
claude-code-review-of-codex-plans,claude-code,codex,066,shell-src-platform,066-shell-src-platform.md,claude-code-review-of-codex-plans/066-shell-src-platform.md,8,10
claude-code-review-of-codex-plans,claude-code,codex,067,shell-src-services,067-shell-src-services.md,claude-code-review-of-codex-plans/067-shell-src-services.md,8,10
claude-code-review-of-codex-plans,claude-code,codex,068,views-sheet-view-src,068-views-sheet-view-src.md,claude-code-review-of-codex-plans/068-views-sheet-view-src.md,8,10
claude-code-review-of-codex-plans,claude-code,codex,069,infra-rust-bridge-bridge-ir-src,069-infra-rust-bridge-bridge-ir-src.md,claude-code-review-of-codex-plans/069-infra-rust-bridge-bridge-ir-src.md,8,10
claude-code-review-of-codex-plans,claude-code,codex,070,infra-transport-src,070-infra-transport-src.md,claude-code-review-of-codex-plans/070-infra-transport-src.md,8,10
claude-code-review-of-codex-plans,claude-code,codex,071,contracts-src-core,071-contracts-src-core.md,claude-code-review-of-codex-plans/071-contracts-src-core.md,8,10
claude-code-review-of-codex-plans,claude-code,codex,072,contracts-src-bridges,072-contracts-src-bridges.md,claude-code-review-of-codex-plans/072-contracts-src-bridges.md,7,10
claude-code-review-of-codex-plans,claude-code,codex,073,contracts-src-rendering,073-contracts-src-rendering.md,claude-code-review-of-codex-plans/073-contracts-src-rendering.md,8,10
claude-code-review-of-codex-plans,claude-code,codex,074,types-core-src,074-types-core-src.md,claude-code-review-of-codex-plans/074-types-core-src.md,8,10
claude-code-review-of-codex-plans,claude-code,codex,075,types-document-src,075-types-document-src.md,claude-code-review-of-codex-plans/075-types-document-src.md,8,10
claude-code-review-of-codex-plans,claude-code,codex,076,types-host-src,076-types-host-src.md,claude-code-review-of-codex-plans/076-types-host-src.md,8,10
claude-code-review-of-codex-plans,claude-code,codex,077,types-objects-src,077-types-objects-src.md,claude-code-review-of-codex-plans/077-types-objects-src.md,8,10
claude-code-review-of-codex-plans,claude-code,codex,078,domain-types-src-domain-workbook,078-domain-types-src-domain-workbook.md,claude-code-review-of-codex-plans/078-domain-types-src-domain-workbook.md,8,10
claude-code-review-of-codex-plans,claude-code,codex,079,domain-types-src-domain-drawings,079-domain-types-src-domain-drawings.md,claude-code-review-of-codex-plans/079-domain-types-src-domain-drawings.md,8,10
claude-code-review-of-codex-plans,claude-code,codex,080,kernel-src-bridges-wire,080-kernel-src-bridges-wire.md,claude-code-review-of-codex-plans/080-kernel-src-bridges-wire.md,8,10
claude-code-review-of-codex-plans,claude-code,codex,081,kernel-src-domain-sheets,081-kernel-src-domain-sheets.md,claude-code-review-of-codex-plans/081-kernel-src-domain-sheets.md,8,10
claude-code-review-of-codex-plans,claude-code,codex,082,kernel-src-domain-drawing,082-kernel-src-domain-drawing.md,claude-code-review-of-codex-plans/082-kernel-src-domain-drawing.md,8,10
claude-code-review-of-codex-plans,claude-code,codex,083,kernel-src-services-protection,083-kernel-src-services-protection.md,claude-code-review-of-codex-plans/083-kernel-src-services-protection.md,8,10
claude-code-review-of-codex-plans,claude-code,codex,084,kernel-src-services-query-executor,084-kernel-src-services-query-executor.md,claude-code-review-of-codex-plans/084-kernel-src-services-query-executor.md,8,10
claude-code-review-of-codex-plans,claude-code,codex,085,compute-core-src-solver,085-compute-core-src-solver.md,claude-code-review-of-codex-plans/085-compute-core-src-solver.md,8,10
claude-code-review-of-codex-plans,claude-code,codex,086,compute-core-src-what-if,086-compute-core-src-what-if.md,claude-code-review-of-codex-plans/086-compute-core-src-what-if.md,8,10
claude-code-review-of-codex-plans,claude-code,codex,087,compute-core-crates-compute-charts-src,087-compute-core-crates-compute-charts-src.md,claude-code-review-of-codex-plans/087-compute-core-crates-compute-charts-src.md,9,10
claude-code-review-of-codex-plans,claude-code,codex,088,compute-core-crates-compute-chart-render-src,088-compute-core-crates-compute-chart-render-src.md,claude-code-review-of-codex-plans/088-compute-core-crates-compute-chart-render-src.md,8,10
claude-code-review-of-codex-plans,claude-code,codex,089,compute-pyo3-src,089-compute-pyo3-src.md,claude-code-review-of-codex-plans/089-compute-pyo3-src.md,8,10
claude-code-review-of-codex-plans,claude-code,codex,090,apps-spreadsheet-src-app,090-apps-spreadsheet-src-app.md,claude-code-review-of-codex-plans/090-apps-spreadsheet-src-app.md,8,10
claude-code-review-of-codex-plans,claude-code,codex,091,apps-spreadsheet-src-actions-commands,091-apps-spreadsheet-src-actions-commands.md,claude-code-review-of-codex-plans/091-apps-spreadsheet-src-actions-commands.md,8,10
claude-code-review-of-codex-plans,claude-code,codex,092,apps-spreadsheet-src-domain-clipboard,092-apps-spreadsheet-src-domain-clipboard.md,claude-code-review-of-codex-plans/092-apps-spreadsheet-src-domain-clipboard.md,8,10
claude-code-review-of-codex-plans,claude-code,codex,093,apps-spreadsheet-src-domain-editor,093-apps-spreadsheet-src-domain-editor.md,claude-code-review-of-codex-plans/093-apps-spreadsheet-src-domain-editor.md,8,10
claude-code-review-of-codex-plans,claude-code,codex,094,apps-spreadsheet-src-hooks-grid-mouse,094-apps-spreadsheet-src-hooks-grid-mouse.md,claude-code-review-of-codex-plans/094-apps-spreadsheet-src-hooks-grid-mouse.md,8,10
claude-code-review-of-codex-plans,claude-code,codex,095,apps-spreadsheet-src-components-canvas-overlays,095-apps-spreadsheet-src-components-canvas-overlays.md,claude-code-review-of-codex-plans/095-apps-spreadsheet-src-components-canvas-overlays.md,8,10
claude-code-review-of-codex-plans,claude-code,codex,096,apps-spreadsheet-src-chrome-toolbar,096-apps-spreadsheet-src-chrome-toolbar.md,claude-code-review-of-codex-plans/096-apps-spreadsheet-src-chrome-toolbar.md,8,10
claude-code-review-of-codex-plans,claude-code,codex,097,apps-spreadsheet-src-systems-input,097-apps-spreadsheet-src-systems-input.md,claude-code-review-of-codex-plans/097-apps-spreadsheet-src-systems-input.md,8,10
claude-code-review-of-codex-plans,claude-code,codex,098,apps-spreadsheet-src-systems-renderer,098-apps-spreadsheet-src-systems-renderer.md,claude-code-review-of-codex-plans/098-apps-spreadsheet-src-systems-renderer.md,8,10
claude-code-review-of-codex-plans,claude-code,codex,099,shell-src-host,099-shell-src-host.md,claude-code-review-of-codex-plans/099-shell-src-host.md,8,10
claude-code-review-of-codex-plans,claude-code,codex,100,fixtures-external,100-fixtures-external.md,claude-code-review-of-codex-plans/100-fixtures-external.md,8,10
codex-review-of-claude-code-plans,codex,claude-code,001,contracts-src-api,001-contracts-src-api.md,codex-review-of-claude-code-plans/001-contracts-src-api.md,7,10
codex-review-of-claude-code-plans,codex,claude-code,002,contracts-src-runtime,002-contracts-src-runtime.md,codex-review-of-claude-code-plans/002-contracts-src-runtime.md,7,10
codex-review-of-claude-code-plans,codex,claude-code,003,contracts-src-security,003-contracts-src-security.md,codex-review-of-claude-code-plans/003-contracts-src-security.md,6,10
codex-review-of-claude-code-plans,codex,claude-code,004,contracts-runtime-services-src,004-contracts-runtime-services-src.md,codex-review-of-claude-code-plans/004-contracts-runtime-services-src.md,7,10
codex-review-of-claude-code-plans,codex,claude-code,005,types-api-src,005-types-api-src.md,codex-review-of-claude-code-plans/005-types-api-src.md,8,10
codex-review-of-claude-code-plans,codex,claude-code,006,types-app-platform-src,006-types-app-platform-src.md,codex-review-of-claude-code-plans/006-types-app-platform-src.md,8,10
codex-review-of-claude-code-plans,codex,claude-code,007,types-bridges-src,007-types-bridges-src.md,codex-review-of-claude-code-plans/007-types-bridges-src.md,7,10
codex-review-of-claude-code-plans,codex,claude-code,008,types-data-src,008-types-data-src.md,codex-review-of-claude-code-plans/008-types-data-src.md,8,10
codex-review-of-claude-code-plans,codex,claude-code,009,kernel-src-api,009-kernel-src-api.md,codex-review-of-claude-code-plans/009-kernel-src-api.md,8,10
codex-review-of-claude-code-plans,codex,claude-code,010,kernel-src-document,010-kernel-src-document.md,codex-review-of-claude-code-plans/010-kernel-src-document.md,8,10
codex-review-of-claude-code-plans,codex,claude-code,011,kernel-src-document-collab,011-kernel-src-document-collab.md,codex-review-of-claude-code-plans/011-kernel-src-document-collab.md,6,10
codex-review-of-claude-code-plans,codex,claude-code,012,kernel-src-bridges-compute,012-kernel-src-bridges-compute.md,codex-review-of-claude-code-plans/012-kernel-src-bridges-compute.md,8,10
codex-review-of-claude-code-plans,codex,claude-code,013,kernel-src-domain-cells,013-kernel-src-domain-cells.md,codex-review-of-claude-code-plans/013-kernel-src-domain-cells.md,8,10
codex-review-of-claude-code-plans,codex,claude-code,014,kernel-src-domain-formulas,014-kernel-src-domain-formulas.md,codex-review-of-claude-code-plans/014-kernel-src-domain-formulas.md,8,10
codex-review-of-claude-code-plans,codex,claude-code,015,kernel-src-domain-charts,015-kernel-src-domain-charts.md,codex-review-of-claude-code-plans/015-kernel-src-domain-charts.md,8,10
codex-review-of-claude-code-plans,codex,claude-code,016,kernel-src-domain-formatting,016-kernel-src-domain-formatting.md,codex-review-of-claude-code-plans/016-kernel-src-domain-formatting.md,7,10
codex-review-of-claude-code-plans,codex,claude-code,017,kernel-src-domain-pivots,017-kernel-src-domain-pivots.md,codex-review-of-claude-code-plans/017-kernel-src-domain-pivots.md,8,10
codex-review-of-claude-code-plans,codex,claude-code,018,kernel-src-domain-tables,018-kernel-src-domain-tables.md,codex-review-of-claude-code-plans/018-kernel-src-domain-tables.md,8,10
codex-review-of-claude-code-plans,codex,claude-code,019,kernel-src-floating-objects,019-kernel-src-floating-objects.md,codex-review-of-claude-code-plans/019-kernel-src-floating-objects.md,7,10
codex-review-of-claude-code-plans,codex,claude-code,020,kernel-src-services-undo,020-kernel-src-services-undo.md,codex-review-of-claude-code-plans/020-kernel-src-services-undo.md,7,10
codex-review-of-claude-code-plans,codex,claude-code,021,kernel-src-services-clipboard,021-kernel-src-services-clipboard.md,codex-review-of-claude-code-plans/021-kernel-src-services-clipboard.md,8,10
codex-review-of-claude-code-plans,codex,claude-code,022,kernel-src-security,022-kernel-src-security.md,codex-review-of-claude-code-plans/022-kernel-src-security.md,8,10
codex-review-of-claude-code-plans,codex,claude-code,023,compute-api-src,023-compute-api-src.md,codex-review-of-claude-code-plans/023-compute-api-src.md,8,10
codex-review-of-claude-code-plans,codex,claude-code,024,compute-core-src-eval,024-compute-core-src-eval.md,codex-review-of-claude-code-plans/024-compute-core-src-eval.md,6,10
codex-review-of-claude-code-plans,codex,claude-code,025,compute-core-src-scheduler,025-compute-core-src-scheduler.md,codex-review-of-claude-code-plans/025-compute-core-src-scheduler.md,8,10
codex-review-of-claude-code-plans,codex,claude-code,026,compute-core-src-storage,026-compute-core-src-storage.md,codex-review-of-claude-code-plans/026-compute-core-src-storage.md,7,10
codex-review-of-claude-code-plans,codex,claude-code,027,compute-core-src-import,027-compute-core-src-import.md,codex-review-of-claude-code-plans/027-compute-core-src-import.md,8,10
codex-review-of-claude-code-plans,codex,claude-code,028,compute-core-src-identity,028-compute-core-src-identity.md,codex-review-of-claude-code-plans/028-compute-core-src-identity.md,7,10
codex-review-of-claude-code-plans,codex,claude-code,029,compute-core-crates-compute-functions-src,029-compute-core-crates-compute-functions-src.md,codex-review-of-claude-code-plans/029-compute-core-crates-compute-functions-src.md,8,10
codex-review-of-claude-code-plans,codex,claude-code,030,compute-core-crates-compute-parser-src,030-compute-core-crates-compute-parser-src.md,codex-review-of-claude-code-plans/030-compute-core-crates-compute-parser-src.md,8,10
codex-review-of-claude-code-plans,codex,claude-code,031,compute-core-crates-compute-graph-src,031-compute-core-crates-compute-graph-src.md,codex-review-of-claude-code-plans/031-compute-core-crates-compute-graph-src.md,8,10
codex-review-of-claude-code-plans,codex,claude-code,032,compute-core-crates-compute-table-src,032-compute-core-crates-compute-table-src.md,codex-review-of-claude-code-plans/032-compute-core-crates-compute-table-src.md,8,10
codex-review-of-claude-code-plans,codex,claude-code,033,compute-core-crates-compute-pivot-src,033-compute-core-crates-compute-pivot-src.md,codex-review-of-claude-code-plans/033-compute-core-crates-compute-pivot-src.md,8,10
codex-review-of-claude-code-plans,codex,claude-code,034,compute-core-crates-compute-fill-src,034-compute-core-crates-compute-fill-src.md,codex-review-of-claude-code-plans/034-compute-core-crates-compute-fill-src.md,8,10
codex-review-of-claude-code-plans,codex,claude-code,035,compute-core-crates-compute-formats-src,035-compute-core-crates-compute-formats-src.md,codex-review-of-claude-code-plans/035-compute-core-crates-compute-formats-src.md,8,10
codex-review-of-claude-code-plans,codex,claude-code,036,compute-core-crates-compute-cf-src,036-compute-core-crates-compute-cf-src.md,codex-review-of-claude-code-plans/036-compute-core-crates-compute-cf-src.md,8,10
codex-review-of-claude-code-plans,codex,claude-code,037,compute-core-crates-compute-wire-src,037-compute-core-crates-compute-wire-src.md,codex-review-of-claude-code-plans/037-compute-core-crates-compute-wire-src.md,8,10
codex-review-of-claude-code-plans,codex,claude-code,038,compute-core-crates-compute-security-src,038-compute-core-crates-compute-security-src.md,codex-review-of-claude-code-plans/038-compute-core-crates-compute-security-src.md,8,10
codex-review-of-claude-code-plans,codex,claude-code,039,compute-wasm-src,039-compute-wasm-src.md,codex-review-of-claude-code-plans/039-compute-wasm-src.md,7,10
codex-review-of-claude-code-plans,codex,claude-code,040,compute-napi-src,040-compute-napi-src.md,codex-review-of-claude-code-plans/040-compute-napi-src.md,8,10
codex-review-of-claude-code-plans,codex,claude-code,041,canvas-grid-renderer-src,041-canvas-grid-renderer-src.md,codex-review-of-claude-code-plans/041-canvas-grid-renderer-src.md,7,10
codex-review-of-claude-code-plans,codex,claude-code,042,canvas-grid-canvas-src,042-canvas-grid-canvas-src.md,codex-review-of-claude-code-plans/042-canvas-grid-canvas-src.md,8,10
codex-review-of-claude-code-plans,codex,claude-code,043,canvas-engine-src,043-canvas-engine-src.md,codex-review-of-claude-code-plans/043-canvas-engine-src.md,7,10
codex-review-of-claude-code-plans,codex,claude-code,044,canvas-overlay-src,044-canvas-overlay-src.md,codex-review-of-claude-code-plans/044-canvas-overlay-src.md,7,10
codex-review-of-claude-code-plans,codex,claude-code,045,canvas-spatial-src,045-canvas-spatial-src.md,codex-review-of-claude-code-plans/045-canvas-spatial-src.md,8,10
codex-review-of-claude-code-plans,codex,claude-code,046,canvas-drawing-canvas-src,046-canvas-drawing-canvas-src.md,codex-review-of-claude-code-plans/046-canvas-drawing-canvas-src.md,8,10
codex-review-of-claude-code-plans,codex,claude-code,047,canvas-drawing-engine-src,047-canvas-drawing-engine-src.md,codex-review-of-claude-code-plans/047-canvas-drawing-engine-src.md,8,10
codex-review-of-claude-code-plans,codex,claude-code,048,canvas-drawing-shapes-src,048-canvas-drawing-shapes-src.md,codex-review-of-claude-code-plans/048-canvas-drawing-shapes-src.md,8,10
codex-review-of-claude-code-plans,codex,claude-code,049,canvas-drawing-geometry-src,049-canvas-drawing-geometry-src.md,codex-review-of-claude-code-plans/049-canvas-drawing-geometry-src.md,8,10
codex-review-of-claude-code-plans,codex,claude-code,050,charts-src-core,050-charts-src-core.md,codex-review-of-claude-code-plans/050-charts-src-core.md,8,10
codex-review-of-claude-code-plans,codex,claude-code,051,charts-src-grammar,051-charts-src-grammar.md,codex-review-of-claude-code-plans/051-charts-src-grammar.md,8,10
codex-review-of-claude-code-plans,codex,claude-code,052,charts-src-primitives,052-charts-src-primitives.md,codex-review-of-claude-code-plans/052-charts-src-primitives.md,8,10
codex-review-of-claude-code-plans,codex,claude-code,053,charts-src-export-ooxml,053-charts-src-export-ooxml.md,codex-review-of-claude-code-plans/053-charts-src-export-ooxml.md,8,10
codex-review-of-claude-code-plans,codex,claude-code,054,file-io-xlsx-parser-src,054-file-io-xlsx-parser-src.md,codex-review-of-claude-code-plans/054-file-io-xlsx-parser-src.md,7,10
codex-review-of-claude-code-plans,codex,claude-code,055,file-io-xlsx-bridge-src,055-file-io-xlsx-bridge-src.md,codex-review-of-claude-code-plans/055-file-io-xlsx-bridge-src.md,8,10
codex-review-of-claude-code-plans,codex,claude-code,056,file-io-ooxml-types-src,056-file-io-ooxml-types-src.md,codex-review-of-claude-code-plans/056-file-io-ooxml-types-src.md,8,10
codex-review-of-claude-code-plans,codex,claude-code,057,file-io-print-export-src,057-file-io-print-export-src.md,codex-review-of-claude-code-plans/057-file-io-print-export-src.md,8,10
codex-review-of-claude-code-plans,codex,claude-code,058,runtime-embed-src,058-runtime-embed-src.md,codex-review-of-claude-code-plans/058-runtime-embed-src.md,8,10
codex-review-of-claude-code-plans,codex,claude-code,059,runtime-sdk-src,059-runtime-sdk-src.md,codex-review-of-claude-code-plans/059-runtime-sdk-src.md,8,10
codex-review-of-claude-code-plans,codex,claude-code,060,runtime-spreadsheet-app-src,060-runtime-spreadsheet-app-src.md,codex-review-of-claude-code-plans/060-runtime-spreadsheet-app-src.md,8,10
codex-review-of-claude-code-plans,codex,claude-code,061,apps-spreadsheet-src-actions-handlers,061-apps-spreadsheet-src-actions-handlers.md,codex-review-of-claude-code-plans/061-apps-spreadsheet-src-actions-handlers.md,8,10
codex-review-of-claude-code-plans,codex,claude-code,062,apps-spreadsheet-src-coordinator,062-apps-spreadsheet-src-coordinator.md,codex-review-of-claude-code-plans/062-apps-spreadsheet-src-coordinator.md,8,10
codex-review-of-claude-code-plans,codex,claude-code,063,apps-spreadsheet-src-systems-grid-editing,063-apps-spreadsheet-src-systems-grid-editing.md,codex-review-of-claude-code-plans/063-apps-spreadsheet-src-systems-grid-editing.md,8,10
codex-review-of-claude-code-plans,codex,claude-code,064,apps-spreadsheet-src-components-grid,064-apps-spreadsheet-src-components-grid.md,codex-review-of-claude-code-plans/064-apps-spreadsheet-src-components-grid.md,8,10
codex-review-of-claude-code-plans,codex,claude-code,065,apps-spreadsheet-src-chrome-formula-bar,065-apps-spreadsheet-src-chrome-formula-bar.md,codex-review-of-claude-code-plans/065-apps-spreadsheet-src-chrome-formula-bar.md,8,10
codex-review-of-claude-code-plans,codex,claude-code,066,shell-src-platform,066-shell-src-platform.md,codex-review-of-claude-code-plans/066-shell-src-platform.md,8,10
codex-review-of-claude-code-plans,codex,claude-code,067,shell-src-services,067-shell-src-services.md,codex-review-of-claude-code-plans/067-shell-src-services.md,8,10
codex-review-of-claude-code-plans,codex,claude-code,068,views-sheet-view-src,068-views-sheet-view-src.md,codex-review-of-claude-code-plans/068-views-sheet-view-src.md,8,10
codex-review-of-claude-code-plans,codex,claude-code,069,infra-rust-bridge-bridge-ir-src,069-infra-rust-bridge-bridge-ir-src.md,codex-review-of-claude-code-plans/069-infra-rust-bridge-bridge-ir-src.md,7,10
codex-review-of-claude-code-plans,codex,claude-code,070,infra-transport-src,070-infra-transport-src.md,codex-review-of-claude-code-plans/070-infra-transport-src.md,8,10
codex-review-of-claude-code-plans,codex,claude-code,071,contracts-src-core,071-contracts-src-core.md,codex-review-of-claude-code-plans/071-contracts-src-core.md,8,10
codex-review-of-claude-code-plans,codex,claude-code,072,contracts-src-bridges,072-contracts-src-bridges.md,codex-review-of-claude-code-plans/072-contracts-src-bridges.md,5,10
codex-review-of-claude-code-plans,codex,claude-code,073,contracts-src-rendering,073-contracts-src-rendering.md,codex-review-of-claude-code-plans/073-contracts-src-rendering.md,6,10
codex-review-of-claude-code-plans,codex,claude-code,074,types-core-src,074-types-core-src.md,codex-review-of-claude-code-plans/074-types-core-src.md,8,10
codex-review-of-claude-code-plans,codex,claude-code,075,types-document-src,075-types-document-src.md,codex-review-of-claude-code-plans/075-types-document-src.md,8,10
codex-review-of-claude-code-plans,codex,claude-code,076,types-host-src,076-types-host-src.md,codex-review-of-claude-code-plans/076-types-host-src.md,7,10
codex-review-of-claude-code-plans,codex,claude-code,077,types-objects-src,077-types-objects-src.md,codex-review-of-claude-code-plans/077-types-objects-src.md,8,10
codex-review-of-claude-code-plans,codex,claude-code,078,domain-types-src-domain-workbook,078-domain-types-src-domain-workbook.md,codex-review-of-claude-code-plans/078-domain-types-src-domain-workbook.md,7,10
codex-review-of-claude-code-plans,codex,claude-code,079,domain-types-src-domain-drawings,079-domain-types-src-domain-drawings.md,codex-review-of-claude-code-plans/079-domain-types-src-domain-drawings.md,7,10
codex-review-of-claude-code-plans,codex,claude-code,080,kernel-src-bridges-wire,080-kernel-src-bridges-wire.md,codex-review-of-claude-code-plans/080-kernel-src-bridges-wire.md,8,10
codex-review-of-claude-code-plans,codex,claude-code,081,kernel-src-domain-sheets,081-kernel-src-domain-sheets.md,codex-review-of-claude-code-plans/081-kernel-src-domain-sheets.md,8,10
codex-review-of-claude-code-plans,codex,claude-code,082,kernel-src-domain-drawing,082-kernel-src-domain-drawing.md,codex-review-of-claude-code-plans/082-kernel-src-domain-drawing.md,8,10
codex-review-of-claude-code-plans,codex,claude-code,083,kernel-src-services-protection,083-kernel-src-services-protection.md,codex-review-of-claude-code-plans/083-kernel-src-services-protection.md,8,10
codex-review-of-claude-code-plans,codex,claude-code,084,kernel-src-services-query-executor,084-kernel-src-services-query-executor.md,codex-review-of-claude-code-plans/084-kernel-src-services-query-executor.md,8,10
codex-review-of-claude-code-plans,codex,claude-code,085,compute-core-src-solver,085-compute-core-src-solver.md,codex-review-of-claude-code-plans/085-compute-core-src-solver.md,7,10
codex-review-of-claude-code-plans,codex,claude-code,086,compute-core-src-what-if,086-compute-core-src-what-if.md,codex-review-of-claude-code-plans/086-compute-core-src-what-if.md,8,10
codex-review-of-claude-code-plans,codex,claude-code,087,compute-core-crates-compute-charts-src,087-compute-core-crates-compute-charts-src.md,codex-review-of-claude-code-plans/087-compute-core-crates-compute-charts-src.md,8,10
codex-review-of-claude-code-plans,codex,claude-code,088,compute-core-crates-compute-chart-render-src,088-compute-core-crates-compute-chart-render-src.md,codex-review-of-claude-code-plans/088-compute-core-crates-compute-chart-render-src.md,7,10
codex-review-of-claude-code-plans,codex,claude-code,089,compute-pyo3-src,089-compute-pyo3-src.md,codex-review-of-claude-code-plans/089-compute-pyo3-src.md,7,10
codex-review-of-claude-code-plans,codex,claude-code,090,apps-spreadsheet-src-app,090-apps-spreadsheet-src-app.md,codex-review-of-claude-code-plans/090-apps-spreadsheet-src-app.md,8,10
codex-review-of-claude-code-plans,codex,claude-code,091,apps-spreadsheet-src-actions-commands,091-apps-spreadsheet-src-actions-commands.md,codex-review-of-claude-code-plans/091-apps-spreadsheet-src-actions-commands.md,8,10
codex-review-of-claude-code-plans,codex,claude-code,092,apps-spreadsheet-src-domain-clipboard,092-apps-spreadsheet-src-domain-clipboard.md,codex-review-of-claude-code-plans/092-apps-spreadsheet-src-domain-clipboard.md,7,10
codex-review-of-claude-code-plans,codex,claude-code,093,apps-spreadsheet-src-domain-editor,093-apps-spreadsheet-src-domain-editor.md,codex-review-of-claude-code-plans/093-apps-spreadsheet-src-domain-editor.md,8,10
codex-review-of-claude-code-plans,codex,claude-code,094,apps-spreadsheet-src-hooks-grid-mouse,094-apps-spreadsheet-src-hooks-grid-mouse.md,codex-review-of-claude-code-plans/094-apps-spreadsheet-src-hooks-grid-mouse.md,8,10
codex-review-of-claude-code-plans,codex,claude-code,095,apps-spreadsheet-src-components-canvas-overlays,095-apps-spreadsheet-src-components-canvas-overlays.md,codex-review-of-claude-code-plans/095-apps-spreadsheet-src-components-canvas-overlays.md,8,10
codex-review-of-claude-code-plans,codex,claude-code,096,apps-spreadsheet-src-chrome-toolbar,096-apps-spreadsheet-src-chrome-toolbar.md,codex-review-of-claude-code-plans/096-apps-spreadsheet-src-chrome-toolbar.md,8,10
codex-review-of-claude-code-plans,codex,claude-code,097,apps-spreadsheet-src-systems-input,097-apps-spreadsheet-src-systems-input.md,codex-review-of-claude-code-plans/097-apps-spreadsheet-src-systems-input.md,8,10
codex-review-of-claude-code-plans,codex,claude-code,098,apps-spreadsheet-src-systems-renderer,098-apps-spreadsheet-src-systems-renderer.md,codex-review-of-claude-code-plans/098-apps-spreadsheet-src-systems-renderer.md,8,10
codex-review-of-claude-code-plans,codex,claude-code,099,shell-src-host,099-shell-src-host.md,codex-review-of-claude-code-plans/099-shell-src-host.md,8,10
codex-review-of-claude-code-plans,codex,claude-code,100,fixtures-external,100-fixtures-external.md,codex-review-of-claude-code-plans/100-fixtures-external.md,7,10
codex-review-of-codex-plans,codex,codex,001,contracts-src-api,001-contracts-src-api.md,codex-review-of-codex-plans/001-contracts-src-api.md,8,10
codex-review-of-codex-plans,codex,codex,002,contracts-src-runtime,002-contracts-src-runtime.md,codex-review-of-codex-plans/002-contracts-src-runtime.md,7,10
codex-review-of-codex-plans,codex,codex,003,contracts-src-security,003-contracts-src-security.md,codex-review-of-codex-plans/003-contracts-src-security.md,8,10
codex-review-of-codex-plans,codex,codex,004,contracts-runtime-services-src,004-contracts-runtime-services-src.md,codex-review-of-codex-plans/004-contracts-runtime-services-src.md,8,10
codex-review-of-codex-plans,codex,codex,005,types-api-src,005-types-api-src.md,codex-review-of-codex-plans/005-types-api-src.md,8,10
codex-review-of-codex-plans,codex,codex,006,types-app-platform-src,006-types-app-platform-src.md,codex-review-of-codex-plans/006-types-app-platform-src.md,8,10
codex-review-of-codex-plans,codex,codex,007,types-bridges-src,007-types-bridges-src.md,codex-review-of-codex-plans/007-types-bridges-src.md,8,10
codex-review-of-codex-plans,codex,codex,008,types-data-src,008-types-data-src.md,codex-review-of-codex-plans/008-types-data-src.md,8,10
codex-review-of-codex-plans,codex,codex,009,kernel-src-api,009-kernel-src-api.md,codex-review-of-codex-plans/009-kernel-src-api.md,8,10
codex-review-of-codex-plans,codex,codex,010,kernel-src-document,010-kernel-src-document.md,codex-review-of-codex-plans/010-kernel-src-document.md,8,10
codex-review-of-codex-plans,codex,codex,011,kernel-src-document-collab,011-kernel-src-document-collab.md,codex-review-of-codex-plans/011-kernel-src-document-collab.md,8,10
codex-review-of-codex-plans,codex,codex,012,kernel-src-bridges-compute,012-kernel-src-bridges-compute.md,codex-review-of-codex-plans/012-kernel-src-bridges-compute.md,8,10
codex-review-of-codex-plans,codex,codex,013,kernel-src-domain-cells,013-kernel-src-domain-cells.md,codex-review-of-codex-plans/013-kernel-src-domain-cells.md,8,10
codex-review-of-codex-plans,codex,codex,014,kernel-src-domain-formulas,014-kernel-src-domain-formulas.md,codex-review-of-codex-plans/014-kernel-src-domain-formulas.md,8,10
codex-review-of-codex-plans,codex,codex,015,kernel-src-domain-charts,015-kernel-src-domain-charts.md,codex-review-of-codex-plans/015-kernel-src-domain-charts.md,8,10
codex-review-of-codex-plans,codex,codex,016,kernel-src-domain-formatting,016-kernel-src-domain-formatting.md,codex-review-of-codex-plans/016-kernel-src-domain-formatting.md,8,10
codex-review-of-codex-plans,codex,codex,017,kernel-src-domain-pivots,017-kernel-src-domain-pivots.md,codex-review-of-codex-plans/017-kernel-src-domain-pivots.md,8,10
codex-review-of-codex-plans,codex,codex,018,kernel-src-domain-tables,018-kernel-src-domain-tables.md,codex-review-of-codex-plans/018-kernel-src-domain-tables.md,8,10
codex-review-of-codex-plans,codex,codex,019,kernel-src-floating-objects,019-kernel-src-floating-objects.md,codex-review-of-codex-plans/019-kernel-src-floating-objects.md,8,10
codex-review-of-codex-plans,codex,codex,020,kernel-src-services-undo,020-kernel-src-services-undo.md,codex-review-of-codex-plans/020-kernel-src-services-undo.md,8,10
codex-review-of-codex-plans,codex,codex,021,kernel-src-services-clipboard,021-kernel-src-services-clipboard.md,codex-review-of-codex-plans/021-kernel-src-services-clipboard.md,8,10
codex-review-of-codex-plans,codex,codex,022,kernel-src-security,022-kernel-src-security.md,codex-review-of-codex-plans/022-kernel-src-security.md,8,10
codex-review-of-codex-plans,codex,codex,023,compute-api-src,023-compute-api-src.md,codex-review-of-codex-plans/023-compute-api-src.md,8,10
codex-review-of-codex-plans,codex,codex,024,compute-core-src-eval,024-compute-core-src-eval.md,codex-review-of-codex-plans/024-compute-core-src-eval.md,8,10
codex-review-of-codex-plans,codex,codex,025,compute-core-src-scheduler,025-compute-core-src-scheduler.md,codex-review-of-codex-plans/025-compute-core-src-scheduler.md,8,10
codex-review-of-codex-plans,codex,codex,026,compute-core-src-storage,026-compute-core-src-storage.md,codex-review-of-codex-plans/026-compute-core-src-storage.md,8,10
codex-review-of-codex-plans,codex,codex,027,compute-core-src-import,027-compute-core-src-import.md,codex-review-of-codex-plans/027-compute-core-src-import.md,8,10
codex-review-of-codex-plans,codex,codex,028,compute-core-src-identity,028-compute-core-src-identity.md,codex-review-of-codex-plans/028-compute-core-src-identity.md,8,10
codex-review-of-codex-plans,codex,codex,029,compute-core-crates-compute-functions-src,029-compute-core-crates-compute-functions-src.md,codex-review-of-codex-plans/029-compute-core-crates-compute-functions-src.md,8,10
codex-review-of-codex-plans,codex,codex,030,compute-core-crates-compute-parser-src,030-compute-core-crates-compute-parser-src.md,codex-review-of-codex-plans/030-compute-core-crates-compute-parser-src.md,8,10
codex-review-of-codex-plans,codex,codex,031,compute-core-crates-compute-graph-src,031-compute-core-crates-compute-graph-src.md,codex-review-of-codex-plans/031-compute-core-crates-compute-graph-src.md,8,10
codex-review-of-codex-plans,codex,codex,032,compute-core-crates-compute-table-src,032-compute-core-crates-compute-table-src.md,codex-review-of-codex-plans/032-compute-core-crates-compute-table-src.md,8,10
codex-review-of-codex-plans,codex,codex,033,compute-core-crates-compute-pivot-src,033-compute-core-crates-compute-pivot-src.md,codex-review-of-codex-plans/033-compute-core-crates-compute-pivot-src.md,8,10
codex-review-of-codex-plans,codex,codex,034,compute-core-crates-compute-fill-src,034-compute-core-crates-compute-fill-src.md,codex-review-of-codex-plans/034-compute-core-crates-compute-fill-src.md,8,10
codex-review-of-codex-plans,codex,codex,035,compute-core-crates-compute-formats-src,035-compute-core-crates-compute-formats-src.md,codex-review-of-codex-plans/035-compute-core-crates-compute-formats-src.md,8,10
codex-review-of-codex-plans,codex,codex,036,compute-core-crates-compute-cf-src,036-compute-core-crates-compute-cf-src.md,codex-review-of-codex-plans/036-compute-core-crates-compute-cf-src.md,8,10
codex-review-of-codex-plans,codex,codex,037,compute-core-crates-compute-wire-src,037-compute-core-crates-compute-wire-src.md,codex-review-of-codex-plans/037-compute-core-crates-compute-wire-src.md,8,10
codex-review-of-codex-plans,codex,codex,038,compute-core-crates-compute-security-src,038-compute-core-crates-compute-security-src.md,codex-review-of-codex-plans/038-compute-core-crates-compute-security-src.md,8,10
codex-review-of-codex-plans,codex,codex,039,compute-wasm-src,039-compute-wasm-src.md,codex-review-of-codex-plans/039-compute-wasm-src.md,8,10
codex-review-of-codex-plans,codex,codex,040,compute-napi-src,040-compute-napi-src.md,codex-review-of-codex-plans/040-compute-napi-src.md,8,10
codex-review-of-codex-plans,codex,codex,041,canvas-grid-renderer-src,041-canvas-grid-renderer-src.md,codex-review-of-codex-plans/041-canvas-grid-renderer-src.md,8,10
codex-review-of-codex-plans,codex,codex,042,canvas-grid-canvas-src,042-canvas-grid-canvas-src.md,codex-review-of-codex-plans/042-canvas-grid-canvas-src.md,8,10
codex-review-of-codex-plans,codex,codex,043,canvas-engine-src,043-canvas-engine-src.md,codex-review-of-codex-plans/043-canvas-engine-src.md,8,10
codex-review-of-codex-plans,codex,codex,044,canvas-overlay-src,044-canvas-overlay-src.md,codex-review-of-codex-plans/044-canvas-overlay-src.md,8,10
codex-review-of-codex-plans,codex,codex,045,canvas-spatial-src,045-canvas-spatial-src.md,codex-review-of-codex-plans/045-canvas-spatial-src.md,8,10
codex-review-of-codex-plans,codex,codex,046,canvas-drawing-canvas-src,046-canvas-drawing-canvas-src.md,codex-review-of-codex-plans/046-canvas-drawing-canvas-src.md,8,10
codex-review-of-codex-plans,codex,codex,047,canvas-drawing-engine-src,047-canvas-drawing-engine-src.md,codex-review-of-codex-plans/047-canvas-drawing-engine-src.md,8,10
codex-review-of-codex-plans,codex,codex,048,canvas-drawing-shapes-src,048-canvas-drawing-shapes-src.md,codex-review-of-codex-plans/048-canvas-drawing-shapes-src.md,8,10
codex-review-of-codex-plans,codex,codex,049,canvas-drawing-geometry-src,049-canvas-drawing-geometry-src.md,codex-review-of-codex-plans/049-canvas-drawing-geometry-src.md,8,10
codex-review-of-codex-plans,codex,codex,050,charts-src-core,050-charts-src-core.md,codex-review-of-codex-plans/050-charts-src-core.md,8,10
codex-review-of-codex-plans,codex,codex,051,charts-src-grammar,051-charts-src-grammar.md,codex-review-of-codex-plans/051-charts-src-grammar.md,8,10
codex-review-of-codex-plans,codex,codex,052,charts-src-primitives,052-charts-src-primitives.md,codex-review-of-codex-plans/052-charts-src-primitives.md,8,10
codex-review-of-codex-plans,codex,codex,053,charts-src-export-ooxml,053-charts-src-export-ooxml.md,codex-review-of-codex-plans/053-charts-src-export-ooxml.md,8,10
codex-review-of-codex-plans,codex,codex,054,file-io-xlsx-parser-src,054-file-io-xlsx-parser-src.md,codex-review-of-codex-plans/054-file-io-xlsx-parser-src.md,8,10
codex-review-of-codex-plans,codex,codex,055,file-io-xlsx-bridge-src,055-file-io-xlsx-bridge-src.md,codex-review-of-codex-plans/055-file-io-xlsx-bridge-src.md,8,10
codex-review-of-codex-plans,codex,codex,056,file-io-ooxml-types-src,056-file-io-ooxml-types-src.md,codex-review-of-codex-plans/056-file-io-ooxml-types-src.md,8,10
codex-review-of-codex-plans,codex,codex,057,file-io-print-export-src,057-file-io-print-export-src.md,codex-review-of-codex-plans/057-file-io-print-export-src.md,8,10
codex-review-of-codex-plans,codex,codex,058,runtime-embed-src,058-runtime-embed-src.md,codex-review-of-codex-plans/058-runtime-embed-src.md,8,10
codex-review-of-codex-plans,codex,codex,059,runtime-sdk-src,059-runtime-sdk-src.md,codex-review-of-codex-plans/059-runtime-sdk-src.md,8,10
codex-review-of-codex-plans,codex,codex,060,runtime-spreadsheet-app-src,060-runtime-spreadsheet-app-src.md,codex-review-of-codex-plans/060-runtime-spreadsheet-app-src.md,8,10
codex-review-of-codex-plans,codex,codex,061,apps-spreadsheet-src-actions-handlers,061-apps-spreadsheet-src-actions-handlers.md,codex-review-of-codex-plans/061-apps-spreadsheet-src-actions-handlers.md,8,10
codex-review-of-codex-plans,codex,codex,062,apps-spreadsheet-src-coordinator,062-apps-spreadsheet-src-coordinator.md,codex-review-of-codex-plans/062-apps-spreadsheet-src-coordinator.md,8,10
codex-review-of-codex-plans,codex,codex,063,apps-spreadsheet-src-systems-grid-editing,063-apps-spreadsheet-src-systems-grid-editing.md,codex-review-of-codex-plans/063-apps-spreadsheet-src-systems-grid-editing.md,8,10
codex-review-of-codex-plans,codex,codex,064,apps-spreadsheet-src-components-grid,064-apps-spreadsheet-src-components-grid.md,codex-review-of-codex-plans/064-apps-spreadsheet-src-components-grid.md,8,10
codex-review-of-codex-plans,codex,codex,065,apps-spreadsheet-src-chrome-formula-bar,065-apps-spreadsheet-src-chrome-formula-bar.md,codex-review-of-codex-plans/065-apps-spreadsheet-src-chrome-formula-bar.md,9,10
codex-review-of-codex-plans,codex,codex,066,shell-src-platform,066-shell-src-platform.md,codex-review-of-codex-plans/066-shell-src-platform.md,8,10
codex-review-of-codex-plans,codex,codex,067,shell-src-services,067-shell-src-services.md,codex-review-of-codex-plans/067-shell-src-services.md,8,10
codex-review-of-codex-plans,codex,codex,068,views-sheet-view-src,068-views-sheet-view-src.md,codex-review-of-codex-plans/068-views-sheet-view-src.md,8,10
codex-review-of-codex-plans,codex,codex,069,infra-rust-bridge-bridge-ir-src,069-infra-rust-bridge-bridge-ir-src.md,codex-review-of-codex-plans/069-infra-rust-bridge-bridge-ir-src.md,8,10
codex-review-of-codex-plans,codex,codex,070,infra-transport-src,070-infra-transport-src.md,codex-review-of-codex-plans/070-infra-transport-src.md,8,10
codex-review-of-codex-plans,codex,codex,071,contracts-src-core,071-contracts-src-core.md,codex-review-of-codex-plans/071-contracts-src-core.md,8,10
codex-review-of-codex-plans,codex,codex,072,contracts-src-bridges,072-contracts-src-bridges.md,codex-review-of-codex-plans/072-contracts-src-bridges.md,8,10
codex-review-of-codex-plans,codex,codex,073,contracts-src-rendering,073-contracts-src-rendering.md,codex-review-of-codex-plans/073-contracts-src-rendering.md,8,10
codex-review-of-codex-plans,codex,codex,074,types-core-src,074-types-core-src.md,codex-review-of-codex-plans/074-types-core-src.md,8,10
codex-review-of-codex-plans,codex,codex,075,types-document-src,075-types-document-src.md,codex-review-of-codex-plans/075-types-document-src.md,8,10
codex-review-of-codex-plans,codex,codex,076,types-host-src,076-types-host-src.md,codex-review-of-codex-plans/076-types-host-src.md,8,10
codex-review-of-codex-plans,codex,codex,077,types-objects-src,077-types-objects-src.md,codex-review-of-codex-plans/077-types-objects-src.md,8,10
codex-review-of-codex-plans,codex,codex,078,domain-types-src-domain-workbook,078-domain-types-src-domain-workbook.md,codex-review-of-codex-plans/078-domain-types-src-domain-workbook.md,8,10
codex-review-of-codex-plans,codex,codex,079,domain-types-src-domain-drawings,079-domain-types-src-domain-drawings.md,codex-review-of-codex-plans/079-domain-types-src-domain-drawings.md,8,10
codex-review-of-codex-plans,codex,codex,080,kernel-src-bridges-wire,080-kernel-src-bridges-wire.md,codex-review-of-codex-plans/080-kernel-src-bridges-wire.md,8,10
codex-review-of-codex-plans,codex,codex,081,kernel-src-domain-sheets,081-kernel-src-domain-sheets.md,codex-review-of-codex-plans/081-kernel-src-domain-sheets.md,8,10
codex-review-of-codex-plans,codex,codex,082,kernel-src-domain-drawing,082-kernel-src-domain-drawing.md,codex-review-of-codex-plans/082-kernel-src-domain-drawing.md,8,10
codex-review-of-codex-plans,codex,codex,083,kernel-src-services-protection,083-kernel-src-services-protection.md,codex-review-of-codex-plans/083-kernel-src-services-protection.md,7,10
codex-review-of-codex-plans,codex,codex,084,kernel-src-services-query-executor,084-kernel-src-services-query-executor.md,codex-review-of-codex-plans/084-kernel-src-services-query-executor.md,8,10
codex-review-of-codex-plans,codex,codex,085,compute-core-src-solver,085-compute-core-src-solver.md,codex-review-of-codex-plans/085-compute-core-src-solver.md,8,10
codex-review-of-codex-plans,codex,codex,086,compute-core-src-what-if,086-compute-core-src-what-if.md,codex-review-of-codex-plans/086-compute-core-src-what-if.md,8,10
codex-review-of-codex-plans,codex,codex,087,compute-core-crates-compute-charts-src,087-compute-core-crates-compute-charts-src.md,codex-review-of-codex-plans/087-compute-core-crates-compute-charts-src.md,8,10
codex-review-of-codex-plans,codex,codex,088,compute-core-crates-compute-chart-render-src,088-compute-core-crates-compute-chart-render-src.md,codex-review-of-codex-plans/088-compute-core-crates-compute-chart-render-src.md,8,10
codex-review-of-codex-plans,codex,codex,089,compute-pyo3-src,089-compute-pyo3-src.md,codex-review-of-codex-plans/089-compute-pyo3-src.md,8,10
codex-review-of-codex-plans,codex,codex,090,apps-spreadsheet-src-app,090-apps-spreadsheet-src-app.md,codex-review-of-codex-plans/090-apps-spreadsheet-src-app.md,8,10
codex-review-of-codex-plans,codex,codex,091,apps-spreadsheet-src-actions-commands,091-apps-spreadsheet-src-actions-commands.md,codex-review-of-codex-plans/091-apps-spreadsheet-src-actions-commands.md,8,10
codex-review-of-codex-plans,codex,codex,092,apps-spreadsheet-src-domain-clipboard,092-apps-spreadsheet-src-domain-clipboard.md,codex-review-of-codex-plans/092-apps-spreadsheet-src-domain-clipboard.md,8,10
codex-review-of-codex-plans,codex,codex,093,apps-spreadsheet-src-domain-editor,093-apps-spreadsheet-src-domain-editor.md,codex-review-of-codex-plans/093-apps-spreadsheet-src-domain-editor.md,8,10
codex-review-of-codex-plans,codex,codex,094,apps-spreadsheet-src-hooks-grid-mouse,094-apps-spreadsheet-src-hooks-grid-mouse.md,codex-review-of-codex-plans/094-apps-spreadsheet-src-hooks-grid-mouse.md,8,10
codex-review-of-codex-plans,codex,codex,095,apps-spreadsheet-src-components-canvas-overlays,095-apps-spreadsheet-src-components-canvas-overlays.md,codex-review-of-codex-plans/095-apps-spreadsheet-src-components-canvas-overlays.md,8,10
codex-review-of-codex-plans,codex,codex,096,apps-spreadsheet-src-chrome-toolbar,096-apps-spreadsheet-src-chrome-toolbar.md,codex-review-of-codex-plans/096-apps-spreadsheet-src-chrome-toolbar.md,8,10
codex-review-of-codex-plans,codex,codex,097,apps-spreadsheet-src-systems-input,097-apps-spreadsheet-src-systems-input.md,codex-review-of-codex-plans/097-apps-spreadsheet-src-systems-input.md,8,10
codex-review-of-codex-plans,codex,codex,098,apps-spreadsheet-src-systems-renderer,098-apps-spreadsheet-src-systems-renderer.md,codex-review-of-codex-plans/098-apps-spreadsheet-src-systems-renderer.md,8,10
codex-review-of-codex-plans,codex,codex,099,shell-src-host,099-shell-src-host.md,codex-review-of-codex-plans/099-shell-src-host.md,8,10
codex-review-of-codex-plans,codex,codex,100,fixtures-external,100-fixtures-external.md,codex-review-of-codex-plans/100-fixtures-external.md,8,10
